workload,variant,structure,n,time_ms,steps,moves,comparisons
W1,-,DynamicArray,100,0.409800,10000,0,0
W1,-,MyLinkedList,100,2.215000,511508,0,0
W1,-,DynamicArray,1000,0.121500,10000,0,0
W1,-,MyLinkedList,1000,7.582600,5015208,0,0
W1,-,DynamicArray,10000,0.150300,10000,0,0
W1,-,MyLinkedList,10000,88.036100,50139208,0,0
W1,-,DynamicArray,100000,0.010000,10000,0,0
W1,-,MyLinkedList,100000,946.684300,502499208,0,0
W2,-,DynamicArray,100,1.933900,75572,0,75572
W2,-,MyLinkedList,100,2.520700,75572,0,75572
W2,-,DynamicArray,1000,1.429000,752172,0,752172
W2,-,MyLinkedList,1000,4.787800,752172,0,752172
W2,-,DynamicArray,10000,18.278100,7399384,0,7399384
W2,-,MyLinkedList,10000,47.640000,7399384,0,7399384
W2,-,DynamicArray,100000,139.240200,73728608,0,73728608
W2,-,MyLinkedList,100000,433.622000,73728608,0,73728608
W3,head,DynamicArray,100,0.817900,1201120,1201120,0
W3,head,MyLinkedList,100,0.497300,1000,3000,0
W3,head,DynamicArray,1000,0.987400,3001280,3001280,0
W3,head,MyLinkedList,1000,0.208000,1000,3000,0
W3,head,DynamicArray,10000,5.780100,21010240,21010240,0
W3,head,MyLinkedList,10000,0.270100,1000,3000,0
W3,head,DynamicArray,100000,64.471400,201000000,201000000,0
W3,head,MyLinkedList,100000,0.199500,1000,3000,0
W3,middle,DynamicArray,100,0.859200,601620,601620,0
W3,middle,MyLinkedList,100,12.431700,598500,3000,0
W3,middle,DynamicArray,1000,1.085600,1501780,1501780,0
W3,middle,MyLinkedList,1000,7.151000,1498500,3000,0
W3,middle,DynamicArray,10000,3.307400,10510740,10510740,0
W3,middle,MyLinkedList,10000,53.411500,10498500,3000,0
W3,middle,DynamicArray,100000,30.250300,100500500,100500500,0
W3,middle,MyLinkedList,100000,516.292600,100498500,3000,0
W4,-,MinHeap,100,0.596300,3552,1414,1069
W4,-,MinHeap,1000,1.481100,55274,20630,17322
W4,-,MinHeap,10000,5.842900,747778,269210,239284
W4,-,MinHeap,100000,47.530500,9539950,3421384,3059283
